person;singEnglish
1;654654654.11111111111
2;654654654.11111111111